<?xml version="1.0" encoding="UTF-8"?>
<project-private xmlns="http://www.netbeans.org/ns/project-private/1">
    <editor-bookmarks xmlns="http://www.netbeans.org/ns/editor-bookmarks/2" lastBookmarkId="0"/>
    <open-files xmlns="http://www.netbeans.org/ns/projectui-open-files/2">
        <group>
            <file>file:/C:/workspace/UMRI/pia/src/java/ModeratorConference.hbm.xml</file>
            <file>file:/C:/workspace/UMRI/pia/web/home_user.xhtml</file>
            <file>file:/C:/workspace/UMRI/pia/src/java/Controller/LoginController.java</file>
            <file>file:/C:/workspace/UMRI/pia/src/java/Model/Location.java</file>
            <file>file:/C:/workspace/UMRI/pia/web/sections/login_modal.xhtml</file>
            <file>file:/C:/workspace/UMRI/pia/src/java/hibernate.cfg.xml</file>
            <file>file:/C:/workspace/UMRI/pia/web/register.xhtml</file>
            <file>file:/C:/workspace/UMRI/pia/src/java/Location.hbm.xml</file>
            <file>file:/C:/workspace/UMRI/pia/web/registrations.xhtml</file>
            <file>file:/C:/workspace/UMRI/pia/src/java/Model/AuthorPresentation.java</file>
            <file>file:/C:/workspace/UMRI/pia/web/conference_view_user.xhtml</file>
            <file>file:/C:/workspace/UMRI/pia/web/WEB-INF/web.xml</file>
            <file>file:/C:/workspace/UMRI/pia/src/java/Controller/RequestScoped.java</file>
            <file>file:/C:/workspace/UMRI/pia/src/java/Room.hbm.xml</file>
            <file>file:/C:/workspace/UMRI/pia/src/java/Conference.hbm.xml</file>
            <file>file:/C:/workspace/UMRI/pia/src/java/Controller/AdminController.java</file>
            <file>file:/C:/workspace/UMRI/pia/src/java/Controller/ModeratorConferenceController.java</file>
            <file>file:/C:/workspace/UMRI/pia/web/conference_show_user.xhtml</file>
            <file>file:/C:/workspace/UMRI/pia/src/java/Model/HibernateHelper.java</file>
            <file>file:/C:/workspace/UMRI/pia/src/java/User.hbm.xml</file>
            <file>file:/C:/workspace/UMRI/pia/web/conference_show.xhtml</file>
            <file>file:/C:/workspace/UMRI/pia/web/messages_view.xhtml</file>
            <file>file:/C:/workspace/UMRI/pia/web/conference_add.xhtml</file>
            <file>file:/C:/workspace/UMRI/pia/web/css/1-col-portfolio.css</file>
            <file>file:/C:/workspace/UMRI/pia/web/login.xhtml</file>
            <file>file:/C:/workspace/UMRI/pia/web/home_admin.xhtml</file>
            <file>file:/C:/workspace/UMRI/pia/src/java/Controller/ConferenceModeratorController.java</file>
            <file>file:/C:/workspace/UMRI/pia/web/sections/navbar.xhtml</file>
            <file>file:/C:/workspace/UMRI/pia/src/java/Controller/RegisterController.java</file>
            <file>file:/C:/workspace/UMRI/pia/web/conference_view.xhtml</file>
            <file>file:/C:/workspace/UMRI/pia/src/java/Model/UserConference.java</file>
            <file>file:/C:/workspace/UMRI/pia/src/java/Model/Conference.java</file>
            <file>file:/C:/workspace/UMRI/pia/web/index.xhtml</file>
            <file>file:/C:/workspace/UMRI/pia/web/css/web.css</file>
            <file>file:/C:/workspace/UMRI/pia/src/java/Model/Presentation.java</file>
            <file>file:/C:/workspace/UMRI/pia/src/java/Model/Message.java</file>
            <file>file:/C:/workspace/UMRI/pia/src/java/Presentation.hbm.xml</file>
            <file>file:/C:/workspace/UMRI/pia/src/java/Message.hbm.xml</file>
            <file>file:/C:/workspace/UMRI/pia/src/java/SessionConf.hbm.xml</file>
            <file>file:/C:/workspace/UMRI/pia/src/java/Model/ModeratorConference.java</file>
            <file>file:/C:/workspace/UMRI/pia/src/java/Model/Room.java</file>
            <file>file:/C:/workspace/UMRI/pia/web/sections/register_modal.xhtml</file>
            <file>file:/C:/workspace/UMRI/pia/src/java/Controller/ConferenceAdminController.java</file>
            <file>file:/C:/workspace/UMRI/pia/web/css/search.css</file>
            <file>file:/C:/workspace/UMRI/pia/src/java/Controller/ConferenceUserController.java</file>
            <file>file:/C:/workspace/UMRI/pia/src/java/Model/User.java</file>
            <file>file:/C:/workspace/UMRI/pia/web/login_pass.xhtml</file>
            <file>file:/C:/workspace/UMRI/pia/src/java/AuthorPresentation.hbm.xml</file>
            <file>file:/C:/workspace/UMRI/pia/web/sections/login_page.xhtml</file>
            <file>file:/C:/workspace/UMRI/pia/web/conference_view_admin.xhtml</file>
            <file>file:/C:/workspace/UMRI/pia/web/sections/register_page.xhtml</file>
            <file>file:/C:/workspace/UMRI/pia/web/festival_show.xhtml</file>
            <file>file:/C:/workspace/UMRI/pia/src/java/Model/SessionConf.java</file>
            <file>file:/C:/workspace/UMRI/pia/src/java/UserConference.hbm.xml</file>
        </group>
    </open-files>
</project-private>
